nome,tipo,nivel,treinador
Metagross,Fantasma,41,Ash Ketchum
Hydreigon,Elétrico,50,Ash Ketchum
Infernape,Pedra,94,Ash Ketchum
Volcarona,Fogo,84,Ash Ketchum
Emboar,Dragão,67,Ash Ketchum
Kommo-o,Fantasma,76,Ash Ketchum
Infernape,Terra,42,Ash Ketchum
Infernape,Grama,85,Ash Ketchum
Lycanroc,Elétrico,89,Ash Ketchum
Cinderace,Terra,80,Ash Ketchum
Chandelure,Terra,89,Ash Ketchum
Lucario,Venenoso,76,Ash Ketchum
Torterra,Fogo,47,Ash Ketchum
Chandelure,Noturno,30,Ash Ketchum
Quaquaval,Pedra,89,Ash Ketchum
Palafin,Grama,90,Ash Ketchum
Garchomp,Pedra,81,Ash Ketchum
Annihilape,Psíquico,66,Ash Ketchum
Salazzle,Pedra,54,Ash Ketchum
Annihilape,Normal,60,Ash Ketchum
Hydreigon,Psíquico,76,Ash Ketchum
Hydreigon,Lutador,56,Ash Ketchum
Hydreigon,Voador,89,Ash Ketchum
Tinkaton,Gelo,69,Ash Ketchum
Gallade,Voador,42,Ash Ketchum
Toxapex,Grama,92,Ash Ketchum
Empoleon,Noturno,76,Ash Ketchum
Kommo-o,Pedra,39,Ash Ketchum
Mudsdale,Lutador,77,Ash Ketchum
Decidueye,Grama,49,Ash Ketchum
